refdes,pin,voltage,current
C4,2,1.8,0.0001
X1,4,0.0,-0.0001
DA1,9,1.8,-5.00024e-05
DA1,36,1.79998,-4.99977e-05
DA1,3,9.44984e-07,1.42857e-05
DA1,8,9.36062e-07,1.42857e-05
DA1,28,9.35985e-07,1.42857e-05
DA1,35,9.56655e-07,1.42857e-05
DA1,42,9.43402e-07,1.42857e-05
DA1,46,9.46969e-07,1.42857e-05
DA1,49,8.45068e-07,1.42857e-05
